{"Micro-F1 0.1": 0.31599348138997635, "Micro-F1 0.3": 0.349597956288888, "Micro-F1 0.5": 0.3632626730243395, "Micro-F1 0.7": 0.36927808916489246, "Micro-F1 0.9": 0.37582582460388714}