{"Micro-F1 0.1": 0.29216131154520697, "Micro-F1 0.3": 0.3316907424806189, "Micro-F1 0.5": 0.34445081367541625, "Micro-F1 0.7": 0.34833160489124704, "Micro-F1 0.9": 0.35235850811705166}