{"Micro-F1 0.1": 0.3578745864790847, "Micro-F1 0.3": 0.4032926858047615, "Micro-F1 0.5": 0.41697127200768697, "Micro-F1 0.7": 0.42271040803387533, "Micro-F1 0.9": 0.4249297205486992}