{"Micro-F1 0.1": 0.2951124688861874, "Micro-F1 0.3": 0.3392191359413882, "Micro-F1 0.5": 0.3621493070049815, "Micro-F1 0.7": 0.37490701459483294, "Micro-F1 0.9": 0.38835840666784277}