{"Micro-F1 0.1": 0.3332509691243266, "Micro-F1 0.3": 0.35704074668616104, "Micro-F1 0.5": 0.3659917533040424, "Micro-F1 0.7": 0.3735517073592322, "Micro-F1 0.9": 0.38553249795820593}