{"Micro-F1 0.1": 0.29199239653795106, "Micro-F1 0.3": 0.33289739428783366, "Micro-F1 0.5": 0.3630365642874292, "Micro-F1 0.7": 0.37794582417191985, "Micro-F1 0.9": 0.38715377101309006}