{"Micro-F1 0.1": 0.40957006064087287, "Micro-F1 0.3": 0.40849093773577927, "Micro-F1 0.5": 0.4113071137163355, "Micro-F1 0.7": 0.4140736132906312, "Micro-F1 0.9": 0.41786516497623316}