{"Micro-F1 0.1": 0.43629961144640844, "Micro-F1 0.3": 0.4503965978743694, "Micro-F1 0.5": 0.4581549024427362, "Micro-F1 0.7": 0.463159775095496, "Micro-F1 0.9": 0.4638880856920732}